{"cameraMode":{"drawMode":0,"name":"Shaded","section":"Shading Mode"},"sceneLighting":false,"audioPlay":false,"sceneViewState":{"showFog":true,"showMaterialUpdate":false,"showSkybox":false,"showFlares":true,"showImageEffects":true,"showParticleSystems":true},"in2DMode":false,"pivot":{"x":-35.14657211303711,"y":3.222815752029419,"z":-15.843146324157715},"rotation":{"x":0.020756646990776063,"y":-0.8938008546829224,"z":0.04159165173768997,"w":0.446061909198761},"size":63.01197814941406,"orthographic":false}