{"cameraMode":{"drawMode":0,"name":"Shaded","section":"Shading Mode"},"sceneLighting":true,"audioPlay":false,"sceneViewState":{"showFog":true,"showMaterialUpdate":false,"showSkybox":true,"showFlares":true,"showImageEffects":true,"showParticleSystems":true},"in2DMode":false,"pivot":{"x":0.0,"y":1.1796821355819703,"z":-1.3897055387496949},"rotation":{"x":-0.001054189051501453,"y":-0.7113376259803772,"z":-0.001067153993062675,"w":0.7028517127037048},"size":77.40113830566406,"orthographic":true}